Java,Thu Apr 20 00:00:00 BST 2017,30
Java,Thu Apr 20 00:00:00 BST 2017,30
Java,Thu Apr 20 00:00:00 BST 2017,30
Java,Thu Apr 20 00:00:00 BST 2017,30
Java,Thu Apr 20 00:00:00 BST 2017,30
Java,Thu Apr 20 00:00:00 BST 2017,30
Java,Thu Apr 20 00:00:00 BST 2017,30
Java,Thu Apr 20 00:00:00 BST 2017,30
Java,Thu Apr 20 00:00:00 BST 2017,30
Java,Thu Apr 20 00:00:00 BST 2017,30
Java,Thu Apr 20 00:00:00 BST 2017,30
Java,Thu Apr 20 00:00:00 BST 2017,30
Java,Thu Apr 20 00:00:00 BST 2017,30
Java,Thu Apr 20 00:00:00 BST 2017,30
Java,Thu Apr 20 00:00:00 BST 2017,30
Java,Thu Apr 20 00:00:00 BST 2017,30
Java,Thu Apr 20 00:00:00 BST 2017,30
Java,Thu Apr 20 00:00:00 BST 2017,30
Java,Thu Apr 20 00:00:00 BST 2017,30
Java,Thu Apr 20 00:00:00 BST 2017,30
Java,Thu Apr 20 00:00:00 BST 2017,30
Java,Thu Apr 20 00:00:00 BST 2017,30
Java,Thu Apr 20 00:00:00 BST 2017,30
Java,Thu Apr 20 00:00:00 BST 2017,30
Java,Thu Apr 20 00:00:00 BST 2017,30
Java,Thu Apr 20 00:00:00 BST 2017,30
Java,Thu Apr 20 00:00:00 BST 2017,30
Java,Thu Apr 20 00:00:00 BST 2017,30
